ID,Source_ID,Relation_ID,Target_ID
1346-partof-802,1346,partof,802
802-haspart-1346,802,haspart,1346
1673-partof-1886,1673,partof,1886
1886-haspart-1673,1886,haspart,1673
1256-partof-523,1256,partof,523
523-haspart-1256,523,haspart,1256
1560-partof-73,1560,partof,73
73-haspart-1560,73,haspart,1560
1560-partof-678,1560,partof,678
678-haspart-1560,678,haspart,1560
525-instanceof-1925,525,instanceof,1925
1925-isa-525,1925,isa,525
525-instanceof-1924,525,instanceof,1924
1924-isa-525,1924,isa,525
1256-partof-1583,1256,partof,1583
1583-haspart-1256,1583,haspart,1256
1592-partof-1402,1592,partof,1402
1402-haspart-1592,1402,haspart,1592
1402-partof-2810,1402,partof,2810
2810-haspart-1402,2810,haspart,1402
1560-partof-1730,1560,partof,1730
1730-haspart-1560,1730,haspart,1560
1560-partof-1510,1560,partof,1510
1510-haspart-1560,1510,haspart,1560
1837-partof-3257,1837,partof,3257
3257-haspart-1837,3257,haspart,1837
1256-partof-1247,1256,partof,1247
1247-haspart-1256,1247,haspart,1256
1247-partof-18,1247,partof,18
18-haspart-1247,18,haspart,1247
1673-partof-981,1673,partof,981
981-haspart-1673,981,haspart,1673
1560-partof-1248,1560,partof,1248
1248-haspart-1560,1248,haspart,1560
1248-partof-3807,1248,partof,3807
3807-haspart-1248,3807,haspart,1248
1560-partof-1173,1560,partof,1173
1173-haspart-1560,1173,haspart,1560
1248-partof-1540,1248,partof,1540
1540-haspart-1248,1540,haspart,1248
1248-partof-17,1248,partof,17
17-haspart-1248,17,haspart,1248
1277-partof-1303,1277,partof,1303
1303-haspart-1277,1303,haspart,1277
1303-partof-1258,1303,partof,1258
1258-haspart-1303,1258,haspart,1303
1303-partof-2773,1303,partof,2773
2773-haspart-1303,2773,haspart,1303
1303-instanceof-577,1303,instanceof,577
577-isa-1303,577,isa,1303
1560-partof-123,1560,partof,123
123-haspart-1560,123,haspart,1560
674-partof-139,674,partof,139
139-haspart-674,139,haspart,674
1256-partof-1040,1256,partof,1040
1040-haspart-1256,1040,haspart,1256
1277-instanceof-2182,1277,instanceof,2182
2182-isa-1277,2182,isa,1277
1277-instanceof-2183,1277,instanceof,2183
2183-isa-1277,2183,isa,1277
1301-partof-980,1301,partof,980
980-haspart-1301,980,haspart,1301
1745-partof-2820,1745,partof,2820
2820-haspart-1745,2820,haspart,1745
1256-partof-1393,1256,partof,1393
1393-haspart-1256,1393,haspart,1256
1291-partof-534,1291,partof,534
534-haspart-1291,534,haspart,1291
1301-partof-3736,1301,partof,3736
3736-haspart-1301,3736,haspart,1301
674-partof-798,674,partof,798
798-haspart-674,798,haspart,674
1297-partof-1371,1297,partof,1371
1371-haspart-1297,1371,haspart,1297
1277-partof-2824,1277,partof,2824
2824-haspart-1277,2824,haspart,1277
1297-partof-3263,1297,partof,3263
3263-haspart-1297,3263,haspart,1297
1346-partof-3714,1346,partof,3714
3714-haspart-1346,3714,haspart,1346
674-partof-478,674,partof,478
478-haspart-674,478,haspart,674
1303-instanceof-2774,1303,instanceof,2774
2774-isa-1303,2774,isa,1303
1673-partof-446,1673,partof,446
446-haspart-1673,446,haspart,1673
1291-partof-3613,1291,partof,3613
3613-haspart-1291,3613,haspart,1291
1303-instanceof-3387,1303,instanceof,3387
3387-isa-1303,3387,isa,1303
1560-partof-1165,1560,partof,1165
1165-haspart-1560,1165,haspart,1560
1560-partof-674,1560,partof,674
674-haspart-1560,674,haspart,1560
1251-partof-1838,1251,partof,1838
1838-haspart-1251,1838,haspart,1251
1592-partof-796,1592,partof,796
796-haspart-1592,796,haspart,1592
1560-partof-1221,1560,partof,1221
1221-haspart-1560,1221,haspart,1560
1221-partof-1178,1221,partof,1178
1178-haspart-1221,1178,haspart,1221
674-partof-2674,674,partof,2674
2674-haspart-674,2674,haspart,674
804-partof-3716,804,partof,3716
3716-haspart-804,3716,haspart,804
674-partof-540,674,partof,540
540-haspart-674,540,haspart,674
1277-partof-1183,1277,partof,1183
1183-haspart-1277,1183,haspart,1277
1248-partof-1658,1248,partof,1658
1658-haspart-1248,1658,haspart,1248
198-instanceof-2834,198,instanceof,2834
2834-isa-198,2834,isa,198
198-instanceof-1837,198,instanceof,1837
1837-isa-198,1837,isa,198
198-instanceof-1222,198,instanceof,1222
1222-isa-198,1222,isa,198
447-partof-186,447,partof,186
186-haspart-447,186,haspart,447
1482-partof-172,1482,partof,172
172-haspart-1482,172,haspart,1482
763-instanceof-2613,763,instanceof,2613
2613-isa-763,2613,isa,763
1256-partof-1605,1256,partof,1605
1605-haspart-1256,1605,haspart,1256
1301-partof-2666,1301,partof,2666
2666-haspart-1301,2666,haspart,1301
1256-partof-1604,1256,partof,1604
1604-haspart-1256,1604,haspart,1256
2834-partof-797,2834,partof,797
797-haspart-2834,797,haspart,2834
1303-instanceof-1781,1303,instanceof,1781
1781-isa-1303,1781,isa,1303
1205-partof-443,1205,partof,443
443-haspart-1205,443,haspart,1205
1301-partof-1389,1301,partof,1389
1389-haspart-1301,1389,haspart,1301
1389-partof-2662,1389,partof,2662
2662-haspart-1389,2662,haspart,1389
674-partof-1205,674,partof,1205
1205-haspart-674,1205,haspart,674
674-partof-1380,674,partof,1380
1380-haspart-674,1380,haspart,674
1673-partof-431,1673,partof,431
431-haspart-1673,431,haspart,1673
674-partof-2293,674,partof,2293
2293-haspart-674,2293,haspart,674
2965-partof-72,2965,partof,72
72-haspart-2965,72,haspart,2965
72-instanceof-2812,72,instanceof,2812
2812-isa-72,2812,isa,72
3280-instanceof-2495,3280,instanceof,2495
2495-isa-3280,2495,isa,3280
763-instanceof-2614,763,instanceof,2614
2614-isa-763,2614,isa,763
674-partof-3280,674,partof,3280
3280-haspart-674,3280,haspart,674
1560-partof-2200,1560,partof,2200
2200-haspart-1560,2200,haspart,1560
1256-partof-1560,1256,partof,1560
1560-haspart-1256,1560,haspart,1256
822-narrower-3450,822,narrower,3450
3450-broader-822,3450,broader,822
822-narrower-531,822,narrower,531
531-broader-822,531,broader,822
1242-narrower-2924,1242,narrower,2924
2924-broader-1242,2924,broader,1242
1242-narrower-3451,1242,narrower,3451
3451-broader-1242,3451,broader,1242
1198-narrower-3453,1198,narrower,3453
3453-broader-1198,3453,broader,1198
1198-narrower-3452,1198,narrower,3452
3452-broader-1198,3452,broader,1198
911-instanceof-1349,911,instanceof,1349
1349-isa-911,1349,isa,911
911-instanceof-1603,911,instanceof,1603
1603-isa-911,1603,isa,911
1352-instanceof-3210,1352,instanceof,3210
3210-isa-1352,3210,isa,1352
3456-narrower-3215,3456,narrower,3215
3215-broader-3456,3215,broader,3456
3456-narrower-96,3456,narrower,96
96-broader-3456,96,broader,3456
2461-instanceof-2460,2461,instanceof,2460
2460-isa-2461,2460,isa,2461
2461-instanceof-2448,2461,instanceof,2448
2448-isa-2461,2448,isa,2461
2461-instanceof-522,2461,instanceof,522
522-isa-2461,522,isa,2461
2461-instanceof-2009,2461,instanceof,2009
2009-isa-2461,2009,isa,2461
2273-instanceof-949,2273,instanceof,949
949-isa-2273,949,isa,2273
160-instanceof-2295,160,instanceof,2295
2295-isa-160,2295,isa,160
931-instanceof-347,931,instanceof,347
347-isa-931,347,isa,931
189-instanceof-36,189,instanceof,36
36-isa-189,36,isa,189
2549-instanceof-122,2549,instanceof,122
122-isa-2549,122,isa,2549
1586-instanceof-375,1586,instanceof,375
375-isa-1586,375,isa,1586
329-instanceof-1522,329,instanceof,1522
1522-isa-329,1522,isa,329
51-instanceof-1109,51,instanceof,1109
1109-isa-51,1109,isa,51
2345-instanceof-1136,2345,instanceof,1136
1136-isa-2345,1136,isa,2345
634-instanceof-2491,634,instanceof,2491
2491-isa-634,2491,isa,634
1282-instanceof-2557,1282,instanceof,2557
2557-isa-1282,2557,isa,1282
1181-instanceof-2372,1181,instanceof,2372
2372-isa-1181,2372,isa,1181
1380-instanceof-1049,1380,instanceof,1049
1049-isa-1380,1049,isa,1380
1380-instanceof-442,1380,instanceof,442
442-isa-1380,442,isa,1380
1970-instanceof-2189,1970,instanceof,2189
2189-isa-1970,2189,isa,1970
695-instanceof-1443,695,instanceof,1443
1443-isa-695,1443,isa,695
2139-instanceof-1490,2139,instanceof,1490
1490-isa-2139,1490,isa,2139
669-instanceof-2139,669,instanceof,2139
2139-isa-669,2139,isa,669
2139-instanceof-1491,2139,instanceof,1491
1491-isa-2139,1491,isa,2139
868-instanceof-2251,868,instanceof,2251
2251-isa-868,2251,isa,868
868-instanceof-399,868,instanceof,399
399-isa-868,399,isa,868
1040-instanceof-189,1040,instanceof,189
189-isa-1040,189,isa,1040
913-instanceof-2543,913,instanceof,2543
2543-isa-913,2543,isa,913
2220-instanceof-1519,2220,instanceof,1519
1519-isa-2220,1519,isa,2220
956-instanceof-2142,956,instanceof,2142
2142-isa-956,2142,isa,956
1409-instanceof-1819,1409,instanceof,1819
1819-isa-1409,1819,isa,1409
2363-instanceof-2501,2363,instanceof,2501
2501-isa-2363,2501,isa,2363
1350-instanceof-439,1350,instanceof,439
439-isa-1350,439,isa,1350
1156-instanceof-1108,1156,instanceof,1108
1108-isa-1156,1108,isa,1156
763-narrower-2614,763,narrower,2614
2614-broader-763,2614,broader,763
763-narrower-2613,763,narrower,2613
2613-broader-763,2613,broader,763
2516-instanceof-2515,2516,instanceof,2515
2515-isa-2516,2515,isa,2516
332-instanceof-1020,332,instanceof,1020
1020-isa-332,1020,isa,332
2095-instanceof-1282,2095,instanceof,1282
1282-isa-2095,1282,isa,2095
40-instanceof-2016,40,instanceof,2016
2016-isa-40,2016,isa,40
700-instanceof-413,700,instanceof,413
413-isa-700,413,isa,700
700-instanceof-465,700,instanceof,465
465-isa-700,465,isa,700
700-instanceof-412,700,instanceof,412
412-isa-700,412,isa,700
700-instanceof-415,700,instanceof,415
415-isa-700,415,isa,700
1350-instanceof-433,1350,instanceof,433
433-isa-1350,433,isa,1350
1350-instanceof-434,1350,instanceof,434
434-isa-1350,434,isa,1350
1479-instanceof-114,1479,instanceof,114
114-isa-1479,114,isa,1479
620-instanceof-929,620,instanceof,929
929-isa-620,929,isa,620
1100-instanceof-2146,1100,instanceof,2146
2146-isa-1100,2146,isa,1100
2512-instanceof-2513,2512,instanceof,2513
2513-isa-2512,2513,isa,2512
1857-instanceof-1581,1857,instanceof,1581
1581-isa-1857,1581,isa,1857
131-instanceof-2187,131,instanceof,2187
2187-isa-131,2187,isa,131
2130-instanceof-771,2130,instanceof,771
771-isa-2130,771,isa,2130
1061-instanceof-2552,1061,instanceof,2552
2552-isa-1061,2552,isa,1061
504-instanceof-1929,504,instanceof,1929
1929-isa-504,1929,isa,504
620-instanceof-1027,620,instanceof,1027
1027-isa-620,1027,isa,620
2130-instanceof-1288,2130,instanceof,1288
1288-isa-2130,1288,isa,2130
1665-instanceof-354,1665,instanceof,354
354-isa-1665,354,isa,1665
736-instanceof-4,736,instanceof,4
4-isa-736,4,isa,736
858-instanceof-2532,858,instanceof,2532
2532-isa-858,2532,isa,858
2136-instanceof-775,2136,instanceof,775
775-isa-2136,775,isa,2136
2136-instanceof-939,2136,instanceof,939
939-isa-2136,939,isa,2136
2138-instanceof-3206,2138,instanceof,3206
3206-isa-2138,3206,isa,2138
618-instanceof-992,618,instanceof,992
992-isa-618,992,isa,618
1846-instanceof-382,1846,instanceof,382
382-isa-1846,382,isa,1846
1101-instanceof-2561,1101,instanceof,2561
2561-isa-1101,2561,isa,1101
1507-instanceof-904,1507,instanceof,904
904-isa-1507,904,isa,1507
2345-instanceof-1190,2345,instanceof,1190
1190-isa-2345,1190,isa,2345
1453-instanceof-2503,1453,instanceof,2503
2503-isa-1453,2503,isa,1453
465-instanceof-2153,465,instanceof,2153
2153-isa-465,2153,isa,465
2638-instanceof-2639,2638,instanceof,2639
2639-isa-2638,2639,isa,2638
2138-instanceof-1037,2138,instanceof,1037
1037-isa-2138,1037,isa,2138
2138-instanceof-2038,2138,instanceof,2038
2038-isa-2138,2038,isa,2138
279-instanceof-2616,279,instanceof,2616
2616-isa-279,2616,isa,279
1040-instanceof-2648,1040,instanceof,2648
2648-isa-1040,2648,isa,1040
2653-instanceof-388,2653,instanceof,388
388-isa-2653,388,isa,2653
730-instanceof-2654,730,instanceof,2654
2654-isa-730,2654,isa,730
2657-instanceof-2649,2657,instanceof,2649
2649-isa-2657,2649,isa,2657
2686-instanceof-238,2686,instanceof,238
238-isa-2686,238,isa,2686
2686-instanceof-2349,2686,instanceof,2349
2349-isa-2686,2349,isa,2686
2684-instanceof-1502,2684,instanceof,1502
1502-isa-2684,1502,isa,2684
2684-instanceof-1331,2684,instanceof,1331
1331-isa-2684,1331,isa,2684
3549-instanceof-2764,3549,instanceof,2764
2764-isa-3549,2764,isa,3549
507-instanceof-2766,507,instanceof,2766
2766-isa-507,2766,isa,507
1224-instanceof-2778,1224,instanceof,2778
2778-isa-1224,2778,isa,1224
1205-instanceof-2777,1205,instanceof,2777
2777-isa-1205,2777,isa,1205
744-instanceof-2779,744,instanceof,2779
2779-isa-744,2779,isa,744
212-instanceof-140,212,instanceof,140
140-isa-212,140,isa,212
212-instanceof-2794,212,instanceof,2794
2794-isa-212,2794,isa,212
2785-instanceof-2829,2785,instanceof,2829
2829-isa-2785,2829,isa,2785
2785-instanceof-2830,2785,instanceof,2830
2830-isa-2785,2830,isa,2785
632-instanceof-3021,632,instanceof,3021
3021-isa-632,3021,isa,632
932-instanceof-3079,932,instanceof,3079
3079-isa-932,3079,isa,932
620-instanceof-3158,620,instanceof,3158
3158-isa-620,3158,isa,620
745-instanceof-3176,745,instanceof,3176
3176-isa-745,3176,isa,745
1181-instanceof-3156,1181,instanceof,3156
3156-isa-1181,3156,isa,1181
987-instanceof-3196,987,instanceof,3196
3196-isa-987,3196,isa,987
1945-instanceof-3205,1945,instanceof,3205
3205-isa-1945,3205,isa,1945
926-instanceof-1191,926,instanceof,1191
1191-isa-926,1191,isa,926
1352-instanceof-2772,1352,instanceof,2772
2772-isa-1352,2772,isa,1352
1594-instanceof-3285,1594,instanceof,3285
3285-isa-1594,3285,isa,1594
926-instanceof-3289,926,instanceof,3289
3289-isa-926,3289,isa,926
1665-instanceof-2396,1665,instanceof,2396
2396-isa-1665,2396,isa,1665
3311-instanceof-666,3311,instanceof,666
666-isa-3311,666,isa,3311
3311-instanceof-947,3311,instanceof,947
947-isa-3311,947,isa,3311
2461-instanceof-3313,2461,instanceof,3313
3313-isa-2461,3313,isa,2461
2790-instanceof-711,2790,instanceof,711
711-isa-2790,711,isa,2790
1323-instanceof-3349,1323,instanceof,3349
3349-isa-1323,3349,isa,1323
2819-instanceof-649,2819,instanceof,649
649-isa-2819,649,isa,2819
212-instanceof-429,212,instanceof,429
429-isa-212,429,isa,212
212-instanceof-449,212,instanceof,449
449-isa-212,449,isa,212
3448-narrower-86,3448,narrower,86
86-broader-3448,86,broader,3448
3448-narrower-940,3448,narrower,940
940-broader-3448,940,broader,3448
297-instanceof-1698,297,instanceof,1698
1698-isa-297,1698,isa,297
3447-narrower-3449,3447,narrower,3449
3449-broader-3447,3449,broader,3447
3447-narrower-1806,3447,narrower,1806
1806-broader-3447,1806,broader,3447
559-narrower-2414,559,narrower,2414
2414-broader-559,2414,broader,559
1759-narrower-2414,1759,narrower,2414
2414-broader-1759,2414,broader,1759
2383-narrower-1272,2383,narrower,1272
1272-broader-2383,1272,broader,2383
2383-narrower-2256,2383,narrower,2256
2256-broader-2383,2256,broader,2383
2249-narrower-2305,2249,narrower,2305
2305-broader-2249,2305,broader,2249
1212-narrower-1131,1212,narrower,1131
1131-broader-1212,1131,broader,1212
1212-hasform-2310,1212,hasform,2310
1212-narrower-1130,1212,narrower,1130
1130-broader-1212,1130,broader,1212
1246-narrower-2484,1246,narrower,2484
2484-broader-1246,2484,broader,1246
2457-narrower-2252,2457,narrower,2252
2252-broader-2457,2252,broader,2457
2249-narrower-2306,2249,narrower,2306
2306-broader-2249,2306,broader,2249
2308-narrower-2249,2308,narrower,2249
2249-broader-2308,2249,broader,2308
2209-resultsin-127,2209,resultsin,127
2493-narrower-792,2493,narrower,792
792-broader-2493,792,broader,2493
2493-narrower-2492,2493,narrower,2492
2492-broader-2493,2492,broader,2493
2141-narrower-906,2141,narrower,906
906-broader-2141,906,broader,2141
2124-narrower-1586,2124,narrower,1586
1586-broader-2124,1586,broader,2124
1207-narrower-563,1207,narrower,563
563-broader-1207,563,broader,1207
1207-narrower-564,1207,narrower,564
564-broader-1207,564,broader,1207
2154-requires-1921,2154,requires,1921
2147-narrower-1236,2147,narrower,1236
1236-broader-2147,1236,broader,2147
2147-narrower-1235,2147,narrower,1235
1235-broader-2147,1235,broader,2147
752-narrower-746,752,narrower,746
746-broader-752,746,broader,752
1057-narrower-2264,1057,narrower,2264
2264-broader-1057,2264,broader,1057
2615-narrower-2259,2615,narrower,2259
2259-broader-2615,2259,broader,2615
1402-producedby-635,1402,producedby,635
2129-narrower-635,2129,narrower,635
635-broader-2129,635,broader,2129
2514-narrower-1200,2514,narrower,1200
1200-broader-2514,1200,broader,2514
2514-narrower-1199,2514,narrower,1199
1199-broader-2514,1199,broader,2514
2103-narrower-1129,2103,narrower,1129
1129-broader-2103,1129,broader,2103
423-similar-485,423,similar,485
2096-narrower-2615,2096,narrower,2615
2615-broader-2096,2615,broader,2096
2615-narrower-634,2615,narrower,634
634-broader-2615,634,broader,2615
2314-narrower-2380,2314,narrower,2380
2380-broader-2314,2380,broader,2314
2144-narrower-954,2144,narrower,954
954-broader-2144,954,broader,2144
1553-narrower-2261,1553,narrower,2261
2261-broader-1553,2261,broader,1553
2104-narrower-1448,2104,narrower,1448
1448-broader-2104,1448,broader,2104
2104-narrower-1749,2104,narrower,1749
1749-broader-2104,1749,broader,2104
2124-narrower-1587,2124,narrower,1587
1587-broader-2124,1587,broader,2124
2385-narrower-2386,2385,narrower,2386
2386-broader-2385,2386,broader,2385
2385-narrower-437,2385,narrower,437
437-broader-2385,437,broader,2385
2456-narrower-1936,2456,narrower,1936
1936-broader-2456,1936,broader,2456
1826-resultsin-2215,1826,resultsin,2215
2118-narrower-639,2118,narrower,639
639-broader-2118,639,broader,2118
2477-narrower-2479,2477,narrower,2479
2479-broader-2477,2479,broader,2477
2477-narrower-2478,2477,narrower,2478
2478-broader-2477,2478,broader,2477
1484-narrower-2555,1484,narrower,2555
2555-broader-1484,2555,broader,1484
1057-narrower-2265,1057,narrower,2265
2265-broader-1057,2265,broader,1057
705-narrower-1102,705,narrower,1102
1102-broader-705,1102,broader,705
1395-narrower-2302,1395,narrower,2302
2302-broader-1395,2302,broader,1395
1433-narrower-353,1433,narrower,353
353-broader-1433,353,broader,1433
2391-narrower-1366,2391,narrower,1366
1366-broader-2391,1366,broader,2391
2392-narrower-1357,2392,narrower,1357
1357-broader-2392,1357,broader,2392
2392-narrower-1646,2392,narrower,1646
1646-broader-2392,1646,broader,2392
2574-narrower-2025,2574,narrower,2025
2025-broader-2574,2025,broader,2574
1906-resultsin-2229,1906,resultsin,2229
2140-narrower-1343,2140,narrower,1343
1343-broader-2140,1343,broader,2140
2279-narrower-1269,2279,narrower,1269
1269-broader-2279,1269,broader,2279
2144-narrower-849,2144,narrower,849
849-broader-2144,849,broader,2144
2308-narrower-1400,2308,narrower,1400
1400-broader-2308,1400,broader,2308
1554-narrower-406,1554,narrower,406
406-broader-1554,406,broader,1554
2106-narrower-1554,2106,narrower,1554
1554-broader-2106,1554,broader,2106
1554-narrower-76,1554,narrower,76
76-broader-1554,76,broader,1554
2100-narrower-279,2100,narrower,279
279-broader-2100,279,broader,2100
2117-narrower-923,2117,narrower,923
923-broader-2117,923,broader,2117
2117-narrower-1784,2117,narrower,1784
1784-broader-2117,1784,broader,2117
2381-narrower-1201,2381,narrower,1201
1201-broader-2381,1201,broader,2381
2450-narrower-1443,2450,narrower,1443
1443-broader-2450,1443,broader,2450
1685-narrower-2093,1685,narrower,2093
2093-broader-1685,2093,broader,1685
2107-narrower-123,2107,narrower,123
123-broader-2107,123,broader,2107
2114-narrower-1251,2114,narrower,1251
1251-broader-2114,1251,broader,2114
2387-narrower-1055,2387,narrower,1055
1055-broader-2387,1055,broader,2387
2387-narrower-1327,2387,narrower,1327
1327-broader-2387,1327,broader,2387
1657-similar-1725,1657,similar,1725
1502-narrower-2476,1502,narrower,2476
2476-broader-1502,2476,broader,1502
2128-narrower-72,2128,narrower,72
72-broader-2128,72,broader,2128
2109-narrower-1419,2109,narrower,1419
1419-broader-2109,1419,broader,2109
2131-narrower-1919,2131,narrower,1919
1919-broader-2131,1919,broader,2131
2575-narrower-734,2575,narrower,734
734-broader-2575,734,broader,2575
244-similar-2182,244,similar,2182
2381-narrower-1040,2381,narrower,1040
1040-broader-2381,1040,broader,2381
2107-narrower-1040,2107,narrower,1040
1040-broader-2107,1040,broader,2107
2574-narrower-832,2574,narrower,832
832-broader-2574,832,broader,2574
1495-resultsin-2192,1495,resultsin,2192
2382-narrower-837,2382,narrower,837
837-broader-2382,837,broader,2382
1588-narrower-1445,1588,narrower,1445
1445-broader-1588,1445,broader,1588
2300-narrower-1425,2300,narrower,1425
1425-broader-2300,1425,broader,2300
2382-narrower-1425,2382,narrower,1425
1425-broader-2382,1425,broader,2382
3457-narrower-330,3457,narrower,330
330-broader-3457,330,broader,3457
3457-narrower-331,3457,narrower,331
331-broader-3457,331,broader,3457
2137-narrower-824,2137,narrower,824
824-broader-2137,824,broader,2137
2065-similar-1443,2065,similar,1443
2381-narrower-580,2381,narrower,580
580-broader-2381,580,broader,2381
2101-narrower-1625,2101,narrower,1625
1625-broader-2101,1625,broader,2101
2101-narrower-1494,2101,narrower,1494
1494-broader-2101,1494,broader,2101
126-producedby-125,126,producedby,125
2458-narrower-126,2458,narrower,126
126-broader-2458,126,broader,2458
2017-instanceof-696,2017,instanceof,696
696-isa-2017,696,isa,2017
680-narrower-2558,680,narrower,2558
2558-broader-680,2558,broader,680
2120-narrower-1389,2120,narrower,1389
1389-broader-2120,1389,broader,2120
2269-narrower-870,2269,narrower,870
870-broader-2269,870,broader,2269
2103-narrower-1847,2103,narrower,1847
1847-broader-2103,1847,broader,2103
1519-narrower-2142,1519,narrower,2142
2142-broader-1519,2142,broader,1519
1262-narrower-1760,1262,narrower,1760
1760-broader-1262,1760,broader,1262
1760-narrower-2417,1760,narrower,2417
2417-broader-1760,2417,broader,1760
1760-narrower-2416,1760,narrower,2416
2416-broader-1760,2416,broader,1760
1263-narrower-1761,1263,narrower,1761
1761-broader-1263,1761,broader,1263
427-narrower-1760,427,narrower,1760
1760-broader-427,1760,broader,427
1213-narrower-2111,1213,narrower,2111
2111-broader-1213,2111,broader,1213
1209-hasform-2301,1209,hasform,2301
405-narrower-1758,405,narrower,1758
1758-broader-405,1758,broader,405
1758-narrower-2418,1758,narrower,2418
2418-broader-1758,2418,broader,1758
1263-narrower-1758,1263,narrower,1758
1758-broader-1263,1758,broader,1263
1758-narrower-2419,1758,narrower,2419
2419-broader-1758,2419,broader,1758
2129-narrower-1402,2129,narrower,1402
1402-broader-2129,1402,broader,2129
1416-resultsin-1649,1416,resultsin,1649
2009-narrower-2481,2009,narrower,2481
2481-broader-2009,2481,broader,2009
1761-narrower-2420,1761,narrower,2420
2420-broader-1761,2420,broader,1761
1761-narrower-2421,1761,narrower,2421
2421-broader-1761,2421,broader,1761
427-narrower-1761,427,narrower,1761
1761-broader-427,1761,broader,427
1985-narrower-2173,1985,narrower,2173
2173-broader-1985,2173,broader,1985
1213-hasform-2312,1213,hasform,2312
203-narrower-2163,203,narrower,2163
2163-broader-203,2163,broader,203
203-narrower-2164,203,narrower,2164
2164-broader-203,2164,broader,203
1496-narrower-2177,1496,narrower,2177
2177-broader-1496,2177,broader,1496
2105-narrower-962,2105,narrower,962
962-broader-2105,962,broader,2105
2143-narrower-711,2143,narrower,711
711-broader-2143,711,broader,2143
2143-narrower-1203,2143,narrower,1203
1203-broader-2143,1203,broader,2143
2125-narrower-668,2125,narrower,668
668-broader-2125,668,broader,2125
2127-narrower-763,2127,narrower,763
763-broader-2127,763,broader,2127
447-partof-498,447,partof,498
498-haspart-447,498,haspart,447
2268-narrower-1499,2268,narrower,1499
1499-broader-2268,1499,broader,2268
2457-narrower-667,2457,narrower,667
667-broader-2457,667,broader,2457
2108-narrower-658,2108,narrower,658
658-broader-2108,658,broader,2108
2280-narrower-1392,2280,narrower,1392
1392-broader-2280,1392,broader,2280
2280-narrower-267,2280,narrower,267
267-broader-2280,267,broader,2280
2118-narrower-614,2118,narrower,614
614-broader-2118,614,broader,2118
1229-narrower-2112,1229,narrower,2112
2112-broader-1229,2112,broader,1229
962-narrower-2471,962,narrower,2471
2471-broader-962,2471,broader,962
2556-narrower-1484,2556,narrower,1484
1484-broader-2556,1484,broader,2556
2551-narrower-1484,2551,narrower,1484
1484-broader-2551,1484,broader,2551
1337-narrower-2487,1337,narrower,2487
2487-broader-1337,2487,broader,1337
2141-narrower-1803,2141,narrower,1803
1803-broader-2141,1803,broader,2141
2098-narrower-1297,2098,narrower,1297
1297-broader-2098,1297,broader,2098
2098-narrower-1301,2098,narrower,1301
1301-broader-2098,1301,broader,2098
2450-narrower-2098,2450,narrower,2098
2098-broader-2450,2098,broader,2450
2455-narrower-2374,2455,narrower,2374
2374-broader-2455,2374,broader,2455
2455-narrower-1920,2455,narrower,1920
1920-broader-2455,1920,broader,2455
2112-narrower-566,2112,narrower,566
566-broader-2112,566,broader,2112
2384-narrower-2317,2384,narrower,2317
2317-broader-2384,2317,broader,2384
2384-narrower-1643,2384,narrower,1643
1643-broader-2384,1643,broader,2384
1215-narrower-2304,1215,narrower,2304
2304-broader-1215,2304,broader,1215
1411-resultsin-215,1411,resultsin,215
1801-narrower-1357,1801,narrower,1357
1357-broader-1801,1357,broader,1801
2224-transitiveof-2004,2224,transitiveof,2004
2004-intransitiveof-2224,2004,intransitiveof,2224
323-narrower-2095,323,narrower,2095
2095-broader-323,2095,broader,323
2099-narrower-1801,2099,narrower,1801
1801-broader-2099,1801,broader,2099
1801-narrower-1620,1801,narrower,1620
1620-broader-1801,1620,broader,1801
2486-narrower-602,2486,narrower,602
602-broader-2486,602,broader,2486
1387-narrower-2212,1387,narrower,2212
2212-broader-1387,2212,broader,1387
1432-narrower-2155,1432,narrower,2155
2155-broader-1432,2155,broader,1432
2269-narrower-210,2269,narrower,210
210-broader-2269,210,broader,2269
2131-narrower-625,2131,narrower,625
625-broader-2131,625,broader,2131
1056-narrower-2266,1056,narrower,2266
2266-broader-1056,2266,broader,1056
1056-narrower-2267,1056,narrower,2267
2267-broader-1056,2267,broader,1056
2272-narrower-1286,2272,narrower,1286
1286-broader-2272,1286,broader,2272
2132-narrower-341,2132,narrower,341
341-broader-2132,341,broader,2132
1128-narrower-1998,1128,narrower,1998
1998-broader-1128,1998,broader,1128
2121-narrower-1277,2121,narrower,1277
1277-broader-2121,1277,broader,2121
2096-narrower-619,2096,narrower,619
619-broader-2096,619,broader,2096
2271-narrower-1415,2271,narrower,1415
1415-broader-2271,1415,broader,2271
2132-narrower-20,2132,narrower,20
20-broader-2132,20,broader,2132
2146-narrower-991,2146,narrower,991
991-broader-2146,991,broader,2146
2112-narrower-565,2112,narrower,565
565-broader-2112,565,broader,2112
227-instanceof-2347,227,instanceof,2347
2347-isa-227,2347,isa,227
2146-narrower-1962,2146,narrower,1962
1962-broader-2146,1962,broader,2146
2100-narrower-769,2100,narrower,769
769-broader-2100,769,broader,2100
2175-narrower-2171,2175,narrower,2171
2171-broader-2175,2171,broader,2175
1272-narrower-2175,1272,narrower,2175
2175-broader-1272,2175,broader,1272
2175-narrower-2170,2175,narrower,2170
2170-broader-2175,2170,broader,2175
2092-narrower-2474,2092,narrower,2474
2474-broader-2092,2474,broader,2092
1019-similar-2183,1019,similar,2183
1985-narrower-2174,1985,narrower,2174
2174-broader-1985,2174,broader,1985
525-narrower-1925,525,narrower,1925
1925-broader-525,1925,broader,525
561-narrower-2418,561,narrower,2418
2418-broader-561,2418,broader,561
2125-narrower-857,2125,narrower,857
857-broader-2125,857,broader,2125
28-producedby-1726,28,producedby,1726
2135-narrower-370,2135,narrower,370
370-broader-2135,370,broader,2135
131-instanceof-2188,131,instanceof,2188
2188-isa-131,2188,isa,131
131-instanceof-2186,131,instanceof,2186
2186-isa-131,2186,isa,131
405-narrower-1759,405,narrower,1759
1759-broader-405,1759,broader,405
1640-narrower-405,1640,narrower,405
405-broader-1640,405,broader,1640
1920-producedby-2374,1920,producedby,2374
2281-narrower-1086,2281,narrower,1086
1086-broader-2281,1086,broader,2281
2281-narrower-984,2281,narrower,984
984-broader-2281,984,broader,2281
562-narrower-2419,562,narrower,2419
2419-broader-562,2419,broader,562
2279-narrower-1240,2279,narrower,1240
1240-broader-2279,1240,broader,2279
2575-narrower-813,2575,narrower,813
813-broader-2575,813,broader,2575
2268-narrower-1372,2268,narrower,1372
1372-broader-2268,1372,broader,2268
2463-narrower-1313,2463,narrower,1313
1313-broader-2463,1313,broader,2463
1050-narrower-2257,1050,narrower,2257
2257-broader-1050,2257,broader,1050
1050-narrower-2256,1050,narrower,2256
2256-broader-1050,2256,broader,1050
2300-narrower-1958,2300,narrower,1958
1958-broader-2300,1958,broader,2300
1917-narrower-1094,1917,narrower,1094
1094-broader-1917,1094,broader,1917
2128-narrower-1896,2128,narrower,1896
1896-broader-2128,1896,broader,2128
1383-narrower-2178,1383,narrower,2178
2178-broader-1383,2178,broader,1383
1297-partof-447,1297,partof,447
447-haspart-1297,447,haspart,1297
1588-narrower-1444,1588,narrower,1444
1444-broader-1588,1444,broader,1588
2114-narrower-819,2114,narrower,819
819-broader-2114,819,broader,2114
2551-narrower-323,2551,narrower,323
323-broader-2551,323,broader,2551
1287-narrower-2483,1287,narrower,2483
2483-broader-1287,2483,broader,1287
1333-partof-1346,1333,partof,1346
1346-haspart-1333,1346,haspart,1333
1811-narrower-1182,1811,narrower,1182
1182-broader-1811,1182,broader,1811
2115-narrower-1928,2115,narrower,1928
1928-broader-2115,1928,broader,2115
2121-narrower-1673,2121,narrower,1673
1673-broader-2121,1673,broader,2121
1262-narrower-559,1262,narrower,559
559-broader-1262,559,broader,1262
559-narrower-2416,559,narrower,2416
2416-broader-559,2416,broader,559
2116-narrower-1585,2116,narrower,1585
1585-broader-2116,1585,broader,2116
2436-narrower-1223,2436,narrower,1223
1223-broader-2436,1223,broader,2436
1327-narrower-1985,1327,narrower,1985
1985-broader-1327,1985,broader,1327
1232-narrower-2110,1232,narrower,2110
2110-broader-1232,2110,broader,1232
2272-narrower-1232,2272,narrower,1232
1232-broader-2272,1232,broader,2272
2271-narrower-1513,2271,narrower,1513
1513-broader-2271,1513,broader,2271
1272-narrower-2176,1272,narrower,2176
2176-broader-1272,2176,broader,1272
2102-narrower-141,2102,narrower,141
141-broader-2102,141,broader,2102
1297-partof-471,1297,partof,471
471-haspart-1297,471,haspart,1297
1262-narrower-1759,1262,narrower,1759
1759-broader-1262,1759,broader,1262
1759-narrower-2415,1759,narrower,2415
2415-broader-1759,2415,broader,1759
1263-narrower-562,1263,narrower,562
562-broader-1263,562,broader,1263
1640-narrower-1263,1640,narrower,1263
1263-broader-1640,1263,broader,1640
1263-narrower-561,1263,narrower,561
561-broader-1263,561,broader,1263
2099-narrower-1304,2099,narrower,1304
1304-broader-2099,1304,broader,2099
962-narrower-907,962,narrower,907
907-broader-962,907,broader,962
962-narrower-77,962,narrower,77
77-broader-962,77,broader,962
2135-narrower-898,2135,narrower,898
898-broader-2135,898,broader,2135
2137-narrower-823,2137,narrower,823
823-broader-2137,823,broader,2137
1640-narrower-1262,1640,narrower,1262
1262-broader-1640,1262,broader,1640
1640-narrower-427,1640,narrower,427
427-broader-1640,427,broader,1640
561-narrower-2420,561,narrower,2420
2420-broader-561,2420,broader,561
2092-narrower-2473,2092,narrower,2473
2473-broader-2092,2473,broader,2092
1432-narrower-2156,1432,narrower,2156
2156-broader-1432,2156,broader,1432
2205-narrower-1614,2205,narrower,1614
1614-broader-2205,1614,broader,2205
2133-narrower-1665,2133,narrower,1665
1665-broader-2133,1665,broader,2133
1334-instanceof-1991,1334,instanceof,1991
1991-isa-1334,1991,isa,1334
2436-narrower-1334,2436,narrower,1334
1334-broader-2436,1334,broader,2436
1262-narrower-560,1262,narrower,560
560-broader-1262,560,broader,1262
398-similar-1434,398,similar,1434
2126-narrower-1408,2126,narrower,1408
1408-broader-2126,1408,broader,2126
2126-narrower-1247,2126,narrower,1247
1247-broader-2126,1247,broader,2126
738-narrower-2214,738,narrower,2214
2214-broader-738,2214,broader,738
1551-narrower-2262,1551,narrower,2262
2262-broader-1551,2262,broader,1551
1502-narrower-2475,1502,narrower,2475
2475-broader-1502,2475,broader,1502
2120-narrower-1303,2120,narrower,1303
1303-broader-2120,1303,broader,2120
2116-narrower-1411,2116,narrower,1411
1411-broader-2116,1411,broader,2116
2133-narrower-1433,2133,narrower,1433
1433-broader-2133,1433,broader,2133
3351-narrower-1766,3351,narrower,1766
1766-broader-3351,1766,broader,3351
1333-partof-1347,1333,partof,1347
1347-haspart-1333,1347,haspart,1333
2140-narrower-1225,2140,narrower,1225
1225-broader-2140,1225,broader,2140
1395-narrower-2303,1395,narrower,2303
2303-broader-1395,2303,broader,1395
2009-narrower-2480,2009,narrower,2480
2480-broader-2009,2480,broader,2009
2463-narrower-1370,2463,narrower,1370
1370-broader-2463,1370,broader,2463
2391-narrower-1620,2391,narrower,1620
1620-broader-2391,1620,broader,2391
1055-narrower-2254,1055,narrower,2254
2254-broader-1055,2254,broader,1055
1055-narrower-2255,1055,narrower,2255
2255-broader-1055,2255,broader,1055
560-narrower-2417,560,narrower,2417
2417-broader-560,2417,broader,560
2108-narrower-1253,2108,narrower,1253
1253-broader-2108,1253,broader,2108
2102-narrower-1428,2102,narrower,1428
1428-broader-2102,1428,broader,2102
562-narrower-2421,562,narrower,2421
2421-broader-562,2421,broader,562
2282-narrower-645,2282,narrower,645
645-broader-2282,645,broader,2282
2282-narrower-1474,2282,narrower,1474
1474-broader-2282,1474,broader,2282
2399-narrower-1383,2399,narrower,1383
1383-broader-2399,1383,broader,2399
1383-narrower-2560,1383,narrower,2560
2560-broader-1383,2560,broader,1383
1337-narrower-2488,1337,narrower,2488
2488-broader-1337,2488,broader,1337
2127-narrower-1204,2127,narrower,1204
1204-broader-2127,1204,broader,2127
525-narrower-1924,525,narrower,1924
1924-broader-525,1924,broader,525
2176-narrower-2172,2176,narrower,2172
2172-broader-2176,2172,broader,2176
560-narrower-2415,560,narrower,2415
2415-broader-560,2415,broader,560
2399-narrower-1496,2399,narrower,1496
1496-broader-2399,1496,broader,2399
2456-narrower-164,2456,narrower,164
164-broader-2456,164,broader,2456
1551-narrower-2260,1551,narrower,2260
2260-broader-1551,2260,broader,1551
1553-narrower-2263,1553,narrower,2263
2263-broader-1553,2263,broader,1553
2458-narrower-125,2458,narrower,125
125-broader-2458,125,broader,2458
636-requires-1033,636,requires,1033
2633-narrower-163,2633,narrower,163
163-broader-2633,163,broader,2633
2633-narrower-706,2633,narrower,706
706-broader-2633,706,broader,2633
2634-narrower-2636,2634,narrower,2636
2636-broader-2634,2636,broader,2634
2634-narrower-2637,2634,narrower,2637
2637-broader-2634,2637,broader,2634
262-narrower-2642,262,narrower,2642
2642-broader-262,2642,broader,262
2642-narrower-1211,2642,narrower,1211
1211-broader-2642,1211,broader,2642
2642-narrower-1834,2642,narrower,1834
1834-broader-2642,1834,broader,2642
2644-narrower-1759,2644,narrower,1759
1759-broader-2644,1759,broader,2644
2644-narrower-1383,2644,narrower,1383
1383-broader-2644,1383,broader,2644
2645-narrower-683,2645,narrower,683
683-broader-2645,683,broader,2645
2645-narrower-1554,2645,narrower,1554
1554-broader-2645,1554,broader,2645
2646-narrower-2106,2646,narrower,2106
2106-broader-2646,2106,broader,2646
2646-narrower-1200,2646,narrower,1200
1200-broader-2646,1200,broader,2646
2650-narrower-98,2650,narrower,98
98-broader-2650,98,broader,2650
2650-narrower-1198,2650,narrower,1198
1198-broader-2650,1198,broader,2650
2652-narrower-1243,2652,narrower,1243
1243-broader-2652,1243,broader,2652
2652-narrower-2531,2652,narrower,2531
2531-broader-2652,2531,broader,2652
2659-narrower-2658,2659,narrower,2658
2658-broader-2659,2658,broader,2659
2659-narrower-1188,2659,narrower,1188
1188-broader-2659,1188,broader,2659
2661-narrower-683,2661,narrower,683
683-broader-2661,683,broader,2661
2661-narrower-789,2661,narrower,789
789-broader-2661,789,broader,2661
1896-narrower-2662,1896,narrower,2662
2662-broader-1896,2662,broader,1896
1896-narrower-1258,1896,narrower,1258
1258-broader-1896,1258,broader,1896
2675-narrower-221,2675,narrower,221
221-broader-2675,221,broader,2675
2675-narrower-10,2675,narrower,10
10-broader-2675,10,broader,2675
2678-narrower-580,2678,narrower,580
580-broader-2678,580,broader,2678
2678-narrower-1040,2678,narrower,1040
1040-broader-2678,1040,broader,2678
2381-narrower-2678,2381,narrower,2678
2678-broader-2381,2678,broader,2381
2672-narrower-1272,2672,narrower,1272
1272-broader-2672,1272,broader,2672
2672-narrower-1327,2672,narrower,1327
1327-broader-2672,1327,broader,2672
2683-narrower-1905,2683,narrower,1905
1905-broader-2683,1905,broader,2683
2683-narrower-307,2683,narrower,307
307-broader-2683,307,broader,2683
2689-narrower-1464,2689,narrower,1464
1464-broader-2689,1464,broader,2689
2689-narrower-34,2689,narrower,34
34-broader-2689,34,broader,2689
2314-narrower-2696,2314,narrower,2696
2696-broader-2314,2696,broader,2314
2314-narrower-2697,2314,narrower,2697
2697-broader-2314,2697,broader,2314
2314-narrower-2698,2314,narrower,2698
2698-broader-2314,2698,broader,2314
2314-narrower-2699,2314,narrower,2699
2699-broader-2314,2699,broader,2314
2317-narrower-2695,2317,narrower,2695
2695-broader-2317,2695,broader,2317
2317-narrower-2700,2317,narrower,2700
2700-broader-2317,2700,broader,2317
2317-narrower-2701,2317,narrower,2701
2701-broader-2317,2701,broader,2317
1618-narrower-2702,1618,narrower,2702
2702-broader-1618,2702,broader,1618
1617-narrower-2703,1617,narrower,2703
2703-broader-1617,2703,broader,1617
2705-narrower-1689,2705,narrower,1689
1689-broader-2705,1689,broader,2705
2356-partof-2744,2356,partof,2744
2744-haspart-2356,2744,haspart,2356
2357-partof-2745,2357,partof,2745
2745-haspart-2357,2745,haspart,2357
2358-partof-2746,2358,partof,2746
2746-haspart-2358,2746,haspart,2358
2360-partof-2748,2360,partof,2748
2748-haspart-2360,2748,haspart,2360
2004-narrower-2761,2004,narrower,2761
2761-broader-2004,2761,broader,2004
539-instanceof-2764,539,instanceof,2764
2764-isa-539,2764,isa,539
2787-narrower-1401,2787,narrower,1401
1401-broader-2787,1401,broader,2787
2787-narrower-1336,2787,narrower,1336
1336-broader-2787,1336,broader,2787
2798-narrower-666,2798,narrower,666
666-broader-2798,666,broader,2798
2798-narrower-948,2798,narrower,948
948-broader-2798,948,broader,2798
2799-narrower-1307,2799,narrower,1307
1307-broader-2799,1307,broader,2799
2799-narrower-1599,2799,narrower,1599
1599-broader-2799,1599,broader,2799
2800-narrower-2105,2800,narrower,2105
2105-broader-2800,2105,broader,2800
2800-narrower-1216,2800,narrower,1216
1216-broader-2800,1216,broader,2800
2801-narrower-1329,2801,narrower,1329
1329-broader-2801,1329,broader,2801
2801-narrower-1174,2801,narrower,1174
1174-broader-2801,1174,broader,2801
628-partof-2803,628,partof,2803
2803-haspart-628,2803,haspart,628
1554-narrower-2839,1554,narrower,2839
2839-broader-1554,2839,broader,1554
1554-narrower-2806,1554,narrower,2806
2806-broader-1554,2806,broader,1554
962-narrower-2840,962,narrower,2840
2840-broader-962,2840,broader,962
962-narrower-2807,962,narrower,2807
2807-broader-962,2807,broader,962
1264-narrower-2856,1264,narrower,2856
2856-broader-1264,2856,broader,1264
1264-narrower-2857,1264,narrower,2857
2857-broader-1264,2857,broader,1264
2459-narrower-3022,2459,narrower,3022
3022-broader-2459,3022,broader,2459
2459-narrower-3023,2459,narrower,3023
3023-broader-2459,3023,broader,2459
970-narrower-3034,970,narrower,3034
3034-broader-970,3034,broader,970
970-narrower-3035,970,narrower,3035
3035-broader-970,3035,broader,970
2991-narrower-3041,2991,narrower,3041
3041-broader-2991,3041,broader,2991
2693-narrower-3042,2693,narrower,3042
3042-broader-2693,3042,broader,2693
2693-narrower-3043,2693,narrower,3043
3043-broader-2693,3043,broader,2693
51-instanceof-3171,51,instanceof,3171
3171-isa-51,3171,isa,51
51-instanceof-3172,51,instanceof,3172
3172-isa-51,3172,isa,51
138-transitiveof-3170,138,transitiveof,3170
3170-intransitiveof-138,3170,intransitiveof,138
177-requires-3161,177,requires,3161
339-instanceof-3155,339,instanceof,3155
3155-isa-339,3155,isa,339
387-requires-3180,387,requires,3180
1602-transitiveof-3174,1602,transitiveof,3174
3174-intransitiveof-1602,3174,intransitiveof,1602
1643-narrower-3162,1643,narrower,3162
3162-broader-1643,3162,broader,1643
2369-requires-3161,2369,requires,3161
2584-similar-3177,2584,similar,3177
3024-similar-3168,3024,similar,3168
3171-similar-3173,3171,similar,3173
2678-narrower-189,2678,narrower,189
189-broader-2678,189,broader,2678
3182-narrower-1259,3182,narrower,1259
1259-broader-3182,1259,broader,3182
3182-narrower-2432,3182,narrower,2432
2432-broader-3182,2432,broader,3182
3183-narrower-1407,3183,narrower,1407
1407-broader-3183,1407,broader,3183
3183-narrower-870,3183,narrower,870
870-broader-3183,870,broader,3183
3184-narrower-1422,3184,narrower,1422
1422-broader-3184,1422,broader,3184
3184-narrower-210,3184,narrower,210
210-broader-3184,210,broader,3184
3185-narrower-2101,3185,narrower,2101
2101-broader-3185,2101,broader,3185
3185-narrower-1494,3185,narrower,1494
1494-broader-3185,1494,broader,3185
3185-narrower-1625,3185,narrower,1625
1625-broader-3185,1625,broader,3185
3185-narrower-1417,3185,narrower,1417
1417-broader-3185,1417,broader,3185
3186-narrower-2101,3186,narrower,2101
2101-broader-3186,2101,broader,3186
3186-narrower-1494,3186,narrower,1494
1494-broader-3186,1494,broader,3186
3186-narrower-1625,3186,narrower,1625
1625-broader-3186,1625,broader,3186
3186-narrower-910,3186,narrower,910
910-broader-3186,910,broader,3186
3187-resultsin-1904,3187,resultsin,1904
3188-narrower-785,3188,narrower,785
785-broader-3188,785,broader,3188
3188-narrower-3001,3188,narrower,3001
3001-broader-3188,3001,broader,3188
680-narrower-3020,680,narrower,3020
3020-broader-680,3020,broader,680
2558-transitiveof-3020,2558,transitiveof,3020
3020-intransitiveof-2558,3020,intransitiveof,2558
3192-narrower-2313,3192,narrower,2313
2313-broader-3192,2313,broader,3192
3192-narrower-1825,3192,narrower,1825
1825-broader-3192,1825,broader,3192
3194-narrower-3122,3194,narrower,3122
3122-broader-3194,3122,broader,3194
3194-narrower-2001,3194,narrower,2001
2001-broader-3194,2001,broader,3194
692-narrower-700,692,narrower,700
700-broader-692,700,broader,692
1494-narrower-2865,1494,narrower,2865
2865-broader-1494,2865,broader,1494
3195-narrower-1116,3195,narrower,1116
1116-broader-3195,1116,broader,3195
3195-narrower-44,3195,narrower,44
44-broader-3195,44,broader,3195
3198-narrower-687,3198,narrower,687
687-broader-3198,687,broader,3198
3198-narrower-1294,3198,narrower,1294
1294-broader-3198,1294,broader,3198
2896-narrower-1003,2896,narrower,1003
1003-broader-2896,1003,broader,2896
3201-narrower-554,3201,narrower,554
554-broader-3201,554,broader,3201
3201-narrower-1550,3201,narrower,1550
1550-broader-3201,1550,broader,3201
3201-narrower-92,3201,narrower,92
92-broader-3201,92,broader,3201
3203-narrower-3202,3203,narrower,3202
3202-broader-3203,3202,broader,3203
3203-narrower-1566,3203,narrower,1566
1566-broader-3203,1566,broader,3203
3206-narrower-1138,3206,narrower,1138
1138-broader-3206,1138,broader,3206
3206-narrower-1037,3206,narrower,1037
1037-broader-3206,1037,broader,3206
3207-narrower-1512,3207,narrower,1512
1512-broader-3207,1512,broader,3207
3207-narrower-705,3207,narrower,705
705-broader-3207,705,broader,3207
3208-narrower-491,3208,narrower,491
491-broader-3208,491,broader,3208
3208-narrower-1093,3208,narrower,1093
1093-broader-3208,1093,broader,3208
1092-narrower-3211,1092,narrower,3211
3211-broader-1092,3211,broader,1092
1092-narrower-3212,1092,narrower,3212
3212-broader-1092,3212,broader,1092
3213-narrower-856,3213,narrower,856
856-broader-3213,856,broader,3213
3217-narrower-893,3217,narrower,893
893-broader-3217,893,broader,3217
3217-narrower-358,3217,narrower,358
358-broader-3217,358,broader,3217
3220-narrower-2694,3220,narrower,2694
2694-broader-3220,2694,broader,3220
3220-narrower-2692,3220,narrower,2692
2692-broader-3220,2692,broader,3220
3223-narrower-1531,3223,narrower,1531
1531-broader-3223,1531,broader,3223
3223-narrower-3222,3223,narrower,3222
3222-broader-3223,3222,broader,3223
3231-narrower-1944,3231,narrower,1944
1944-broader-3231,1944,broader,3231
588-narrower-3190,588,narrower,3190
3190-broader-588,3190,broader,588
588-narrower-3191,588,narrower,3191
3191-broader-588,3191,broader,588
580-narrower-3232,580,narrower,3232
3232-broader-580,3232,broader,580
3228-narrower-3193,3228,narrower,3193
3193-broader-3228,3193,broader,3228
3228-narrower-994,3228,narrower,994
994-broader-3228,994,broader,3228
430-narrower-3236,430,narrower,3236
3236-broader-430,3236,broader,430
430-narrower-3199,430,narrower,3199
3199-broader-430,3199,broader,430
3237-narrower-1003,3237,narrower,1003
1003-broader-3237,1003,broader,3237
3237-narrower-3238,3237,narrower,3238
3238-broader-3237,3238,broader,3237
1352-instanceof-3233,1352,instanceof,3233
3233-isa-1352,3233,isa,1352
2908-narrower-1782,2908,narrower,1782
1782-broader-2908,1782,broader,2908
2908-narrower-791,2908,narrower,791
791-broader-2908,791,broader,2908
2692-narrower-3249,2692,narrower,3249
3249-broader-2692,3249,broader,2692
2692-narrower-3250,2692,narrower,3250
3250-broader-2692,3250,broader,2692
503-narrower-3245,503,narrower,3245
3245-broader-503,3245,broader,503
3275-narrower-1489,3275,narrower,1489
1489-broader-3275,1489,broader,3275
3275-narrower-249,3275,narrower,249
249-broader-3275,249,broader,3275
1530-narrower-2053,1530,narrower,2053
2053-broader-1530,2053,broader,1530
1530-narrower-3286,1530,narrower,3286
3286-broader-1530,3286,broader,1530
3290-narrower-2868,3290,narrower,2868
2868-broader-3290,2868,broader,3290
3291-narrower-3290,3291,narrower,3290
3290-broader-3291,3290,broader,3291
3291-narrower-741,3291,narrower,741
741-broader-3291,741,broader,3291
3291-narrower-367,3291,narrower,367
367-broader-3291,367,broader,3291
3025-narrower-851,3025,narrower,851
851-broader-3025,851,broader,3025
3297-narrower-3295,3297,narrower,3295
3295-broader-3297,3295,broader,3297
3297-narrower-3296,3297,narrower,3296
3296-broader-3297,3296,broader,3297
1729-narrower-3295,1729,narrower,3295
3295-broader-1729,3295,broader,1729
1729-narrower-133,1729,narrower,133
133-broader-1729,133,broader,1729
155-narrower-3151,155,narrower,3151
3151-broader-155,3151,broader,155
155-narrower-2149,155,narrower,2149
2149-broader-155,2149,broader,155
2401-narrower-3303,2401,narrower,3303
3303-broader-2401,3303,broader,2401
2401-narrower-3304,2401,narrower,3304
3304-broader-2401,3304,broader,2401
583-narrower-3299,583,narrower,3299
3299-broader-583,3299,broader,583
583-narrower-3300,583,narrower,3300
3300-broader-583,3300,broader,583
3297-narrower-618,3297,narrower,618
618-broader-3297,618,broader,3297
3297-narrower-3076,3297,narrower,3076
3076-broader-3297,3076,broader,3297
3298-instanceof-1350,3298,instanceof,1350
1350-isa-3298,1350,isa,3298
3115-narrower-288,3115,narrower,288
288-broader-3115,288,broader,3115
3115-narrower-3306,3115,narrower,3306
3306-broader-3115,3306,broader,3115
1433-narrower-3307,1433,narrower,3307
3307-broader-1433,3307,broader,1433
353-narrower-3308,353,narrower,3308
3308-broader-353,3308,broader,353
353-narrower-3309,353,narrower,3309
3309-broader-353,3309,broader,353
3318-narrower-3137,3318,narrower,3137
3137-broader-3318,3137,broader,3318
3318-narrower-234,3318,narrower,234
234-broader-3318,234,broader,3318
3321-narrower-2035,3321,narrower,2035
2035-broader-3321,2035,broader,3321
3321-narrower-624,3321,narrower,624
624-broader-3321,624,broader,3321
3322-narrower-784,3322,narrower,784
784-broader-3322,784,broader,3322
3322-narrower-617,3322,narrower,617
617-broader-3322,617,broader,3322
3324-narrower-621,3324,narrower,621
621-broader-3324,621,broader,3324
3324-narrower-2244,3324,narrower,2244
2244-broader-3324,2244,broader,3324
3326-narrower-629,3326,narrower,629
629-broader-3326,629,broader,3326
3332-narrower-852,3332,narrower,852
852-broader-3332,852,broader,3332
3332-narrower-394,3332,narrower,394
394-broader-3332,394,broader,3332
1606-narrower-3305,1606,narrower,3305
3305-broader-1606,3305,broader,1606
1606-narrower-1460,1606,narrower,1460
1460-broader-1606,1460,broader,1606
689-narrower-1093,689,narrower,1093
1093-broader-689,1093,broader,689
2754-narrower-2923,2754,narrower,2923
2923-broader-2754,2923,broader,2754
2754-narrower-2925,2754,narrower,2925
2925-broader-2754,2925,broader,2754
1291-partof-445,1291,partof,445
445-haspart-1291,445,haspart,1291
682-narrower-3344,682,narrower,3344
3344-broader-682,3344,broader,682
2379-narrower-1741,2379,narrower,1741
1741-broader-2379,1741,broader,2379
2379-narrower-1591,2379,narrower,1591
1591-broader-2379,1591,broader,2379
2094-narrower-1326,2094,narrower,1326
1326-broader-2094,1326,broader,2094
2094-narrower-1485,2094,narrower,1485
1485-broader-2094,1485,broader,2094
2790-narrower-1265,2790,narrower,1265
1265-broader-2790,1265,broader,2790
3345-narrower-57,3345,narrower,57
57-broader-3345,57,broader,3345
3345-narrower-1591,3345,narrower,1591
1591-broader-3345,1591,broader,3345
711-narrower-3346,711,narrower,3346
3346-broader-711,3346,broader,711
2191-narrower-2484,2191,narrower,2484
2484-broader-2191,2484,broader,2191
3347-narrower-1591,3347,narrower,1591
1591-broader-3347,1591,broader,3347
3347-narrower-1265,3347,narrower,1265
1265-broader-3347,1265,broader,3347
3348-narrower-721,3348,narrower,721
721-broader-3348,721,broader,3348
3348-narrower-2191,3348,narrower,2191
2191-broader-3348,2191,broader,3348
2115-narrower-3351,2115,narrower,3351
3351-broader-2115,3351,broader,2115
2486-narrower-2485,2486,narrower,2485
2485-broader-2486,2485,broader,2486
2109-narrower-252,2109,narrower,252
252-broader-2109,252,broader,2109
2686-instanceof-2348,2686,instanceof,2348
2348-isa-2686,2348,isa,2686
2130-instanceof-3457,2130,instanceof,3457
3457-isa-2130,3457,isa,2130
1128-narrower-3459,1128,narrower,3459
3459-broader-1128,3459,broader,1128
1541-partof-3273,1541,partof,3273
3273-haspart-1541,3273,haspart,1541
3462-narrower-3315,3462,narrower,3315
3315-broader-3462,3315,broader,3462
3462-narrower-916,3462,narrower,916
916-broader-3462,916,broader,3462
1857-instanceof-2438,1857,instanceof,2438
2438-isa-1857,2438,isa,1857
113-instanceof-3465,113,instanceof,3465
3465-isa-113,3465,isa,113
113-instanceof-3464,113,instanceof,3464
3464-isa-113,3464,isa,113
3465-instanceof-3460,3465,instanceof,3460
3460-isa-3465,3460,isa,3465
113-instanceof-3463,113,instanceof,3463
3463-isa-113,3463,isa,113
1660-narrower-3535,1660,narrower,3535
3535-broader-1660,3535,broader,1660
1660-narrower-3072,1660,narrower,3072
3072-broader-1660,3072,broader,1660
1444-narrower-3537,1444,narrower,3537
3537-broader-1444,3537,broader,1444
2686-instanceof-467,2686,instanceof,467
467-isa-2686,467,isa,2686
2686-instanceof-2397,2686,instanceof,2397
2397-isa-2686,2397,isa,2686
3541-narrower-611,3541,narrower,611
611-broader-3541,611,broader,3541
1828-instanceof-3534,1828,instanceof,3534
3534-isa-1828,3534,isa,1828
1526-instanceof-1322,1526,instanceof,1322
1322-isa-1526,1322,isa,1526
1526-instanceof-1833,1526,instanceof,1833
1833-isa-1526,1833,isa,1526
1526-instanceof-768,1526,instanceof,768
768-isa-1526,768,isa,1526
256-instanceof-3542,256,instanceof,3542
3542-isa-256,3542,isa,256
3542-instanceof-1191,3542,instanceof,1191
1191-isa-3542,1191,isa,3542
3542-instanceof-2767,3542,instanceof,2767
2767-isa-3542,2767,isa,3542
481-instanceof-480,481,instanceof,480
480-isa-481,480,isa,481
1918-instanceof-3546,1918,instanceof,3546
3546-isa-1918,3546,isa,1918
539-instanceof-3549,539,instanceof,3549
3549-isa-539,3549,isa,539
256-instanceof-924,256,instanceof,924
924-isa-256,924,isa,256
1462-instanceof-2055,1462,instanceof,2055
2055-isa-1462,2055,isa,1462
3766-instanceof-3409,3766,instanceof,3409
3409-isa-3766,3409,isa,3766
3074-instanceof-3550,3074,instanceof,3550
3550-isa-3074,3550,isa,3074
3074-instanceof-2243,3074,instanceof,2243
2243-isa-3074,2243,isa,3074
1755-instanceof-3538,1755,instanceof,3538
3538-isa-1755,3538,isa,1755
158-antonymof-3538,158,antonymof,3538
3603-narrower-1228,3603,narrower,1228
1228-broader-3603,1228,broader,3603
3603-narrower-626,3603,narrower,626
626-broader-3603,626,broader,3603
227-instanceof-3606,227,instanceof,3606
3606-isa-227,3606,isa,227
1381-instanceof-3607,1381,instanceof,3607
3607-isa-1381,3607,isa,1381
3609-narrower-1391,3609,narrower,1391
1391-broader-3609,1391,broader,3609
3609-narrower-930,3609,narrower,930
930-broader-3609,930,broader,3609
1360-instanceof-3610,1360,instanceof,3610
3610-isa-1360,3610,isa,1360
1820-instanceof-3611,1820,instanceof,3611
3611-isa-1820,3611,isa,1820
3626-narrower-1410,3626,narrower,1410
1410-broader-3626,1410,broader,3626
3626-narrower-2248,3626,narrower,2248
2248-broader-3626,2248,broader,3626
3620-narrower-1757,3620,narrower,1757
1757-broader-3620,1757,broader,3620
1462-instanceof-3653,1462,instanceof,3653
3653-isa-1462,3653,isa,1462
2175-narrower-2691,2175,narrower,2691
2691-broader-2175,2691,broader,2175
2691-narrower-3041,2691,narrower,3041
3041-broader-2691,3041,broader,2691
3763-narrower-2173,3763,narrower,2173
2173-broader-3763,2173,broader,3763
3763-narrower-2174,3763,narrower,2174
2174-broader-3763,2174,broader,3763
3764-narrower-1292,3764,narrower,1292
1292-broader-3764,1292,broader,3764
3764-narrower-45,3764,narrower,45
45-broader-3764,45,broader,3764
1462-narrower-3653,1462,narrower,3653
3653-broader-1462,3653,broader,1462
1462-narrower-3765,1462,narrower,3765
3765-broader-1462,3765,broader,1462
3765-instanceof-3766,3765,instanceof,3766
3766-isa-3765,3766,isa,3765
3050-instanceof-3767,3050,instanceof,3767
3767-isa-3050,3767,isa,3050
343-instanceof-3769,343,instanceof,3769
3769-isa-343,3769,isa,343
1357-narrower-3778,1357,narrower,3778
3778-broader-1357,3778,broader,1357
1620-narrower-3779,1620,narrower,3779
3779-broader-1620,3779,broader,1620
3806-narrower-178,3806,narrower,178
178-broader-3806,178,broader,3806
3806-narrower-269,3806,narrower,269
269-broader-3806,269,broader,3806
3805-narrower-487,3805,narrower,487
487-broader-3805,487,broader,3805
3805-narrower-1894,3805,narrower,1894
1894-broader-3805,1894,broader,3805
3809-producedby-2522,3809,producedby,2522
298-similar-3809,298,similar,3809
3213-narrower-3831,3213,narrower,3831
3831-broader-3213,3831,broader,3213
947-narrower-3821,947,narrower,3821
3821-broader-947,3821,broader,947
1208-narrower-3825,1208,narrower,3825
3825-broader-1208,3825,broader,1208
1936-instanceof-3826,1936,instanceof,3826
3826-isa-1936,3826,isa,1936
832-instanceof-3839,832,instanceof,3839
3839-isa-832,3839,isa,832
3830-narrower-933,3830,narrower,933
933-broader-3830,933,broader,3830
1123-narrower-3827,1123,narrower,3827
3827-broader-1123,3827,broader,1123
1643-narrower-3822,1643,narrower,3822
3822-broader-1643,3822,broader,1643
1643-narrower-3823,1643,narrower,3823
3823-broader-1643,3823,broader,1643
3856-narrower-148,3856,narrower,148
148-broader-3856,148,broader,3856
3856-narrower-149,3856,narrower,149
149-broader-3856,149,broader,3856
3856-narrower-3855,3856,narrower,3855
3855-broader-3856,3855,broader,3856
3889-narrower-1432,3889,narrower,1432
1432-broader-3889,1432,broader,3889
3890-narrower-1063,3890,narrower,1063
1063-broader-3890,1063,broader,3890
3890-narrower-1642,3890,narrower,1642
1642-broader-3890,1642,broader,3890
2230-antonymof-2838,2230,antonymof,2838
1831-narrower-3904,1831,narrower,3904
3904-broader-1831,3904,broader,1831
635-narrower-3911,635,narrower,3911
3911-broader-635,3911,broader,635
635-narrower-3912,635,narrower,3912
3912-broader-635,3912,broader,635
1551-narrower-3923,1551,narrower,3923
3923-broader-1551,3923,broader,1551
619-narrower-3923,619,narrower,3923
3923-broader-619,3923,broader,619
1553-narrower-3924,1553,narrower,3924
3924-broader-1553,3924,broader,1553
619-narrower-3924,619,narrower,3924
3924-broader-619,3924,broader,619
